Timestamp,User Count,Type,Name,Requests/s,Failures/s,50%,66%,75%,80%,90%,95%,98%,99%,99.9%,99.99%,100%,Total Request Count,Total Failure Count,Total Median Response Time,Total Average Response Time,Total Min Response Time,Total Max Response Time,Total Average Content Size
1789522709,0,,Aggregated,0.000000,0.000000,N/A,N/A,N/A,N/A,N/A,N/A,N/A,N/A,N/A,N/A,N/A,0,0,0,0.0,0,0,0
1789522710,10,,Aggregated,0.000000,0.000000,220,240,280,280,280,280,280,280,280,280,280,16,0,210.0,198.32052062429284,9.425290001672693,282.8078890015604,29.25
1789522711,20,,Aggregated,0.000000,0.000000,180,230,240,280,280,290,320,320,320,320,320,41,0,180.0,185.7381388291265,9.425290001672693,320.21062500280095,32.390243902439025
1789522712,30,,Aggregated,11.000000,0.000000,220,250,260,270,290,330,330,340,340,340,340,69,0,220.0,206.16379340577438,9.425290001672693,337.8793170049903,33.7536231884058
1789522713,40,,Aggregated,17.000000,0.000000,200,230,250,260,280,320,330,340,340,340,340,100,0,190.0,194.47029578986985,6.294216000242159,337.8793170049903,33.49
1789522714,50,,Aggregated,19.666667,0.000000,220,240,240,250,260,280,330,330,340,340,340,161,0,220.0,203.7545875652049,6.294216000242159,337.8793170049903,33.62111801242236
1789522715,60,,Aggregated,22.000000,0.000000,230,250,250,260,350,400,450,460,510,510,510,227,4,230.0,231.7003882158033,6.294216000242159,511.3175520018558,34.757709251101325
1789522716,70,,Aggregated,25.000000,0.000000,230,250,260,270,330,400,450,450,510,510,510,306,4,230.0,236.35880547050454,5.313050998665858,511.3175520018558,34.60130718954248
1789522717,80,,Aggregated,30.833333,0.666667,250,270,320,350,420,420,460,510,540,540,540,396,4,250.0,259.6566503711846,5.148839998582844,544.8234630021034,34.06818181818182
1789522718,90,,Aggregated,38.428571,0.571429,250,280,350,370,420,460,510,540,650,650,650,448,4,250.0,273.5288724307696,5.148839998582844,648.8778319981066,33.890625
1789522719,100,,Aggregated,42.250000,0.500000,260,340,380,410,450,520,600,650,680,680,680,522,4,260.0,295.51233589083347,5.148839998582844,676.4164499982144,34.0
1789522720,100,,Aggregated,47.444444,0.444444,270,350,400,420,450,510,600,650,680,680,680,576,4,270.0,303.9828627621672,5.148839998582844,676.4164499982144,34.09722222222222
1789522721,100,,Aggregated,47.200000,0.400000,300,380,420,430,540,610,680,770,780,780,780,637,23,300.0,331.5299021005115,5.148839998582844,784.9433059964213,35.37519623233909
1789522722,100,,Aggregated,54.400000,0.400000,330,410,440,480,580,650,750,770,780,780,780,712,29,330.0,349.7904122823252,3.9203409978654236,784.9433059964213,35.50561797752809
1789522723,100,,Aggregated,56.800000,1.400000,360,420,450,480,570,640,720,770,780,780,780,801,36,360.0,359.6222067466211,3.9203409978654236,784.9433059964213,35.81273408239701
1789522724,100,,Aggregated,60.000000,2.900000,360,420,440,460,550,610,720,760,780,780,780,913,36,360.0,359.0651788707807,3.9203409978654236,784.9433059964213,35.561883899233294
1789522725,100,,Aggregated,65.900000,3.100000,340,410,430,460,540,600,700,760,780,780,780,1017,36,340.0,347.950427772877,2.028925002377946,784.9433059964213,35.36676499508358
1789522726,100,,Aggregated,70.800000,3.600000,320,390,430,450,520,590,680,760,780,780,780,1116,36,320.0,341.13719148299555,2.028925002377946,784.9433059964213,35.225806451612904
1789522727,100,,Aggregated,76.100000,3.200000,310,380,420,440,520,590,680,760,780,780,780,1190,36,310.0,336.56933543110534,2.028925002377946,784.9433059964213,35.20840336134454
1789522728,100,,Aggregated,79.600000,3.200000,290,370,420,430,520,590,680,760,780,780,780,1295,36,290.0,328.4648189977345,2.028925002377946,784.9433059964213,35.10733590733591
1789522729,100,,Aggregated,80.100000,3.200000,280,360,410,430,510,580,670,760,780,780,780,1353,36,280.0,325.0978472779462,2.028925002377946,784.9433059964213,35.01921655580192
1789522730,100,,Aggregated,79.500000,3.200000,290,370,420,430,520,590,660,750,780,780,780,1452,39,290.0,331.31177018395516,2.028925002377946,784.9433059964213,35.08884297520661
1789522731,100,,Aggregated,85.400000,3.200000,310,380,420,440,520,590,650,740,780,780,780,1518,39,310.0,334.8176218604125,2.028925002377946,784.9433059964213,35.06455862977602
1789522732,100,,Aggregated,83.200000,3.400000,310,380,430,450,540,640,770,890,1000,1100,1100,1562,65,310.0,347.7365095858544,2.028925002377946,1050.8927060000133,35.597951344430214
1789522733,100,,Aggregated,88.300000,2.500000,330,400,430,460,570,680,780,960,1000,1100,1100,1642,86,330.0,358.3074781315958,2.028925002377946,1050.8927060000133,36.059074299634595
1789522734,100,,Aggregated,86.200000,1.300000,340,410,450,480,590,710,780,940,1000,1100,1100,1702,101,340.0,366.7379214530397,2.028925002377946,1050.8927060000133,36.31727379553467
1789522735,100,,Aggregated,84.800000,4.700000,350,420,460,510,640,740,790,940,1000,1100,1100,1781,131,350.0,378.3802483964433,2.028925002377946,1050.8927060000133,36.93486805165637
1789522736,100,,Aggregated,82.900000,5.500000,340,420,460,500,630,740,790,900,1000,1100,1100,1895,132,340.0,378.0540172575689,2.028925002377946,1050.8927060000133,36.809498680738784
1789522737,100,,Aggregated,77.600000,6.900000,350,420,460,500,610,730,780,890,1000,1100,1100,1957,136,350.0,380.6593072754795,2.028925002377946,1050.8927060000133,36.81655595298927
1789522738,100,,Aggregated,74.800000,9.500000,350,430,470,510,600,730,780,890,1000,1100,1100,2030,145,350.0,383.331902361154,2.028925002377946,1050.8927060000133,36.932512315270934
1789522739,100,,Aggregated,76.800000,9.600000,360,430,470,510,600,730,780,890,1000,1100,1100,2083,150,360.0,384.5165330596119,2.028925002377946,1050.8927060000133,36.98847815650504
1789522740,100,,Aggregated,75.100000,10.000000,360,430,470,520,600,720,780,880,1000,1100,1100,2184,153,360.0,385.48124038743083,2.028925002377946,1050.8927060000133,36.93223443223443
1789522741,100,,Aggregated,72.000000,10.900000,350,420,460,500,600,720,780,870,1000,1100,1100,2288,153,350.0,381.09543066222665,2.028925002377946,1050.8927060000133,36.83741258741259
1789522742,100,,Aggregated,73.000000,11.300000,340,420,460,500,590,720,780,860,1000,1100,1100,2373,153,340.0,377.8192877805207,2.028925002377946,1050.8927060000133,36.7606405394016
1789522743,100,,Aggregated,72.900000,11.400000,340,420,450,490,590,710,780,860,1000,1100,1100,2456,153,340.0,373.9377501421628,2.028925002377946,1050.8927060000133,36.66571661237785
1789522744,100,,Aggregated,78.300000,11.100000,340,410,450,480,580,710,780,850,1000,1100,1100,2540,153,340.0,371.2053949075264,2.028925002377946,1050.8927060000133,36.61535433070866
1789522745,100,,Aggregated,78.900000,7.500000,330,400,440,480,580,700,770,830,1000,1100,1100,2653,153,330.0,366.86896627443787,2.028925002377946,1050.8927060000133,36.499434602336976
1789522746,100,,Aggregated,81.700000,6.200000,330,390,440,470,570,690,770,810,1000,1100,1100,2730,153,330.0,364.04829804798993,2.028925002377946,1050.8927060000133,36.46813186813187
1789522747,100,,Aggregated,84.600000,4.800000,330,390,430,460,570,690,770,810,1000,1100,1100,2829,153,330.0,360.36363203675575,2.028925002377946,1050.8927060000133,36.399080947331214
1789522748,100,,Aggregated,86.200000,2.200000,320,380,430,460,560,690,770,800,1000,1100,1100,2913,153,320.0,356.90185229281894,2.028925002377946,1050.8927060000133,36.330930312392724
1789522749,100,,Aggregated,85.000000,2.100000,320,380,430,460,560,680,770,800,1000,1100,1100,2983,153,320.0,356.0910563157703,2.028925002377946,1050.8927060000133,36.25276567214214
1789522750,100,,Aggregated,87.300000,1.700000,320,380,430,450,560,680,770,800,1000,1100,1100,3074,153,320.0,354.6336285442375,2.028925002377946,1050.8927060000133,36.2121014964216
1789522751,100,,Aggregated,87.900000,0.800000,310,380,420,450,550,680,760,800,1000,1100,1100,3163,153,310.0,352.4487365785625,2.028925002377946,1050.8927060000133,36.193487195700285
1789522752,100,,Aggregated,89.400000,0.200000,310,370,420,450,550,670,760,800,1000,1100,1100,3239,153,310.0,350.42836082278416,2.028925002377946,1050.8927060000133,36.14294535350417
1789522753,100,,Aggregated,88.200000,0.000000,310,370,420,440,540,660,760,790,1000,1100,1100,3318,153,310.0,347.69685166546645,2.028925002377946,1050.8927060000133,36.1500904159132
1789522754,100,,Aggregated,86.800000,0.000000,310,370,420,440,540,660,760,790,1000,1100,1100,3394,153,300.0,345.8566598594722,2.028925002377946,1050.8927060000133,36.057748968768415
1789522755,100,,Aggregated,86.600000,0.000000,300,360,410,440,540,650,760,790,1000,1100,1100,3475,153,300.0,344.1828503438931,2.028925002377946,1050.8927060000133,36.0126618705036
1789522756,100,,Aggregated,85.300000,0.000000,300,360,410,430,540,650,760,790,1000,1100,1100,3561,153,300.0,342.03194074475334,2.028925002377946,1050.8927060000133,35.95169896096602
1789522757,100,,Aggregated,83.200000,0.000000,300,360,410,430,540,640,750,790,1000,1100,1100,3646,153,300.0,339.212385449279,2.028925002377946,1050.8927060000133,35.919363686231485
1789522758,100,,Aggregated,82.000000,0.000000,290,350,400,430,540,640,750,790,1000,1100,1100,3720,153,290.0,336.90667063684924,2.028925002377946,1050.8927060000133,35.894354838709674
1789522759,100,,Aggregated,82.400000,0.000000,300,350,400,430,530,640,750,790,1000,1100,1100,3788,153,300.0,337.02635000451545,2.028925002377946,1050.8927060000133,35.87196409714889
1789522760,100,,Aggregated,81.900000,0.000000,290,350,400,430,530,640,750,790,1000,1100,1100,3872,153,290.0,335.1128964576688,2.028925002377946,1050.8927060000133,35.83987603305785
1789522761,100,,Aggregated,80.800000,0.000000,290,350,390,420,530,640,750,780,1000,1100,1100,3958,153,290.0,333.5620105712706,2.028925002377946,1050.8927060000133,35.836786255684686
1789522762,100,,Aggregated,79.000000,0.000000,290,350,390,420,520,630,750,780,1000,1100,1100,4046,153,290.0,331.9672472842555,2.028925002377946,1050.8927060000133,35.787444389520516
1789522763,100,,Aggregated,78.800000,0.000000,290,340,380,420,520,620,750,780,1000,1100,1100,4125,153,290.0,331.00058144268246,2.028925002377946,1050.8927060000133,35.75781818181818
1789522764,100,,Aggregated,80.300000,0.000000,290,340,380,420,520,610,750,780,1000,1100,1100,4192,153,290.0,329.1883358773978,2.028925002377946,1050.8927060000133,35.72328244274809
1789522765,100,,Aggregated,81.000000,0.000000,280,340,380,420,520,610,750,780,1000,1100,1100,4256,153,280.0,327.0834119603098,2.028925002377946,1050.8927060000133,35.704417293233085
1789522766,100,,Aggregated,80.300000,0.000000,280,340,380,410,520,600,750,780,1000,1100,1100,4347,153,280.0,325.4445283653239,2.028925002377946,1050.8927060000133,35.695192086496434
1789522767,100,,Aggregated,79.900000,0.000000,280,340,380,410,510,600,740,780,1000,1100,1100,4423,153,280.0,324.33617051278947,2.028925002377946,1050.8927060000133,35.683924937825005
1789522768,100,,Aggregated,78.000000,0.000000,280,340,380,410,510,600,740,780,1000,1100,1100,4519,153,280.0,324.35469945387166,1.6851040054461919,1050.8927060000133,35.651914140296526
1789522769,100,,Aggregated,77.400000,0.000000,280,340,380,410,500,590,740,780,1000,1100,1100,4625,153,280.0,324.2125942951442,1.6851040054461919,1050.8927060000133,35.65275675675676
1789522770,100,,Aggregated,77.400000,0.000000,280,340,370,400,500,590,740,780,1000,1100,1100,4716,153,280.0,323.0565874308833,1.6851040054461919,1050.8927060000133,35.64037319762511
1789522771,100,,Aggregated,80.200000,0.000000,280,340,370,400,500,590,730,780,1000,1100,1100,4803,153,280.0,322.6154846883324,1.6851040054461919,1050.8927060000133,35.58088694565896
1789522772,100,,Aggregated,83.200000,0.000000,280,330,370,400,490,590,730,780,1000,1100,1100,4898,153,280.0,321.82181893243103,1.6851040054461919,1050.8927060000133,35.550428746427116
1789522773,100,,Aggregated,84.300000,0.000000,280,330,370,390,490,580,730,780,1000,1100,1100,4997,153,280.0,320.5552304154639,1.6851040054461919,1050.8927060000133,35.52611566940164
1789522774,100,,Aggregated,84.400000,0.000000,280,330,370,390,480,580,730,780,1000,1100,1100,5084,153,280.0,320.2769038257448,1.6851040054461919,1050.8927060000133,35.52006294256491
1789522775,100,,Aggregated,85.300000,0.000000,290,330,370,390,480,580,730,780,1000,1100,1100,5199,154,290.0,320.7402827905533,1.6851040054461919,1050.8927060000133,35.48278515099057
1789522776,100,,Aggregated,87.500000,0.000000,290,330,370,390,480,580,730,770,1000,1100,1100,5302,154,280.0,319.8329833508329,1.6851040054461919,1050.8927060000133,35.45360241418333
1789522777,100,,Aggregated,88.600000,0.000000,280,330,360,390,470,570,720,770,1000,1100,1100,5407,154,280.0,318.29568583246225,1.6851040054461919,1050.8927060000133,35.40761975217311
1789522778,100,,Aggregated,92.400000,0.100000,280,330,370,390,480,570,720,770,1000,1100,1100,5480,154,280.0,319.32903118962025,1.6851040054461919,1050.8927060000133,35.40784671532847
1789522779,100,,Aggregated,94.800000,0.100000,290,330,370,390,480,570,720,770,1000,1100,1100,5570,154,290.0,320.1393583434766,1.6851040054461919,1050.8927060000133,35.39766606822262
1789522780,100,,Aggregated,97.700000,0.100000,290,330,370,390,480,570,720,770,1000,1100,1100,5655,154,290.0,320.2941125480459,1.6851040054461919,1050.8927060000133,35.38231653404067
1789522781,100,,Aggregated,96.100000,0.100000,290,330,370,390,480,570,720,770,1000,1100,1100,5744,154,290.0,320.02365381759273,1.6851040054461919,1050.8927060000133,35.38231197771588
1789522782,100,,Aggregated,93.800000,0.100000,290,330,370,390,480,570,720,770,1000,1100,1100,5829,154,290.0,320.77622803366165,1.6851040054461919,1050.8927060000133,35.36798764796706
1789522783,100,,Aggregated,92.800000,0.100000,290,330,370,390,470,560,720,770,1000,1100,1100,5919,154,290.0,320.1785776744691,1.6851040054461919,1050.8927060000133,35.348200709579324
1789522784,100,,Aggregated,92.600000,0.100000,290,330,370,400,480,560,720,770,1000,1100,1100,5979,154,290.0,320.8899235389139,1.6851040054461919,1050.8927060000133,35.33450409767519
1789522785,100,,Aggregated,91.600000,0.100000,290,330,370,390,470,560,710,770,1000,1100,1100,6057,154,290.0,320.33871930084007,1.6851040054461919,1050.8927060000133,35.322767046392606
1789522786,100,,Aggregated,91.200000,0.100000,290,330,370,400,480,560,710,770,1000,1100,1100,6120,162,290.0,321.01961426097483,1.6851040054461919,1050.8927060000133,35.37124183006536
1789522787,100,,Aggregated,90.200000,0.100000,290,330,370,400,490,560,710,760,1000,1100,1100,6201,163,290.0,322.3546285542966,1.6851040054461919,1050.8927060000133,35.36171585228189
1789522788,100,,Aggregated,86.500000,0.000000,290,330,370,400,480,560,710,760,1000,1100,1100,6284,163,290.0,322.2880602201097,1.6851040054461919,1050.8927060000133,35.33513685550605
1789522790,100,,Aggregated,81.700000,0.800000,290,330,370,400,480,560,700,760,1000,1100,1100,6366,163,290.0,322.464460332884,1.6851040054461919,1050.8927060000133,35.327049952874646
1789522791,100,,Aggregated,78.500000,0.900000,290,330,370,400,480,560,700,760,1000,1100,1100,6430,163,290.0,321.51652589940653,1.6851040054461919,1050.8927060000133,35.31881804043546
1789522792,100,,Aggregated,78.800000,0.900000,290,330,370,400,480,550,700,760,1000,1100,1100,6489,163,290.0,321.1495015278467,1.6851040054461919,1050.8927060000133,35.31006318384959
1789522793,100,,Aggregated,77.500000,0.900000,290,330,370,400,480,550,700,760,1000,1100,1100,6558,163,290.0,320.68083407124016,1.6851040054461919,1050.8927060000133,35.2714242146996
1789522794,100,,Aggregated,74.400000,0.900000,290,340,370,400,480,560,700,760,1000,1100,1100,6653,163,290.0,321.9884634852199,1.6851040054461919,1050.8927060000133,35.25702690515557
1789522795,100,,Aggregated,74.400000,0.900000,290,330,370,400,480,560,700,760,1000,1100,1100,6740,163,290.0,321.86175570863503,1.6851040054461919,1050.8927060000133,35.2540059347181
1789522796,100,,Aggregated,72.100000,0.900000,290,330,370,400,480,550,690,760,1000,1100,1100,6832,163,290.0,321.959508188852,1.6851040054461919,1050.8927060000133,35.25834309133489
1789522797,100,,Aggregated,75.300000,0.900000,290,330,370,400,470,550,690,760,1000,1100,1100,6922,163,290.0,321.1106201642989,1.6851040054461919,1050.8927060000133,35.23461427333141
1789522798,100,,Aggregated,75.200000,0.900000,290,330,370,390,470,550,690,760,1000,1100,1100,7005,163,290.0,320.37026473522405,1.6851040054461919,1050.8927060000133,35.23511777301927
1789522799,100,,Aggregated,75.200000,0.900000,290,330,370,390,470,540,690,760,1000,1100,1100,7083,163,290.0,320.05999945295065,1.6851040054461919,1050.8927060000133,35.2289990117182
1789522800,100,,Aggregated,79.300000,0.100000,290,330,370,390,470,540,690,760,1000,1100,1100,7156,163,290.0,319.9660695218367,1.6851040054461919,1050.8927060000133,35.23965902738961
1789522801,100,,Aggregated,79.900000,0.000000,290,330,370,390,470,540,690,750,1000,1100,1100,7252,163,290.0,319.01833128615874,1.6851040054461919,1050.8927060000133,35.240485383342524
1789522802,100,,Aggregated,79.000000,0.000000,290,330,360,390,460,540,690,750,1000,1100,1100,7338,163,290.0,318.60963911818453,1.6851040054461919,1050.8927060000133,35.237258108476425
1789522803,100,,Aggregated,81.300000,0.000000,290,330,360,390,460,540,680,750,1000,1100,1100,7423,163,290.0,317.96179613515574,1.6851040054461919,1050.8927060000133,35.22524585747003
1789522804,100,,Aggregated,81.300000,0.000000,290,330,360,390,470,540,680,750,1000,1100,1100,7506,166,290.0,319.0087638516188,1.6851040054461919,1050.8927060000133,35.22795097255529
1789522805,100,,Aggregated,86.500000,0.000000,290,330,360,390,460,540,680,750,1000,1100,1100,7635,166,290.0,318.7488797128027,1.6851040054461919,1050.8927060000133,35.22763588736084
1789522806,100,,Aggregated,86.300000,0.300000,290,330,360,390,460,540,680,750,1000,1100,1100,7734,166,290.0,317.874244155845,1.6851040054461919,1050.8927060000133,35.19795707266615
1789522807,100,,Aggregated,88.000000,0.300000,290,330,360,390,470,540,680,750,1000,1100,1100,7800,166,290.0,318.431349811322,1.6851040054461919,1050.8927060000133,35.19653846153846
1789522808,100,,Aggregated,90.200000,0.300000,290,330,370,390,470,540,680,750,1000,1100,1100,7888,166,290.0,319.1010090132268,1.6851040054461919,1050.8927060000133,35.16303245436105
1789522809,100,,Aggregated,87.100000,0.300000,290,330,370,400,470,540,680,750,1000,1100,1100,7974,172,290.0,320.5380320436891,1.6851040054461919,1050.8927060000133,35.187985954351646
1789522810,100,,Aggregated,88.000000,0.300000,290,330,370,400,470,540,670,750,1000,1100,1100,8066,172,290.0,320.2616730751762,1.6851040054461919,1050.8927060000133,35.168113067195634
1789522811,100,,Aggregated,87.500000,0.900000,290,330,370,400,470,540,670,750,1000,1100,1100,8136,172,290.0,321.05292900496187,1.6851040054461919,1050.8927060000133,35.15695673549656
1789522812,100,,Aggregated,89.500000,0.900000,290,340,370,400,480,540,670,750,1000,1100,1100,8216,179,290.0,322.09508369905313,1.6851040054461919,1050.8927060000133,35.193768257059396
1789522813,100,,Aggregated,88.300000,0.900000,290,340,370,400,480,540,660,750,1000,1100,1100,8296,179,290.0,322.0754113193599,1.6851040054461919,1050.8927060000133,35.19165863066538
1789522814,100,,Aggregated,86.700000,1.400000,300,340,370,400,480,540,660,750,1000,1100,1100,8386,179,300.0,322.29442042480304,1.6851040054461919,1050.8927060000133,35.173622704507515
1789522815,100,,Aggregated,86.900000,1.600000,300,340,370,400,470,540,660,750,1000,1100,1100,8476,179,300.0,322.2149430741363,1.6851040054461919,1050.8927060000133,35.17130722038697
1789522816,100,,Aggregated,86.800000,1.300000,300,340,370,400,470,540,650,750,1000,1100,1100,8577,179,300.0,321.9759121078894,1.6851040054461919,1050.8927060000133,35.17791768683689
1789522817,100,,Aggregated,84.000000,1.300000,300,340,370,400,470,540,650,750,1000,1100,1100,8653,179,300.0,322.0360461071689,1.6851040054461919,1050.8927060000133,35.16953657690974
1789522818,100,,Aggregated,84.600000,1.300000,300,330,370,400,470,540,650,740,1000,1100,1100,8761,179,300.0,321.49212303930136,1.6851040054461919,1050.8927060000133,35.18217098504737
1789522819,100,,Aggregated,85.100000,1.300000,300,330,370,400,470,540,650,740,1000,1100,1100,8841,179,300.0,321.2548822048755,1.6851040054461919,1050.8927060000133,35.180635674697434
1789522820,100,,Aggregated,88.400000,1.300000,300,340,370,400,470,540,650,740,1000,1100,1100,8923,179,300.0,321.5666391013471,1.6851040054461919,1050.8927060000133,35.1527513168217
1789522821,100,,Aggregated,86.700000,0.700000,300,340,370,400,470,540,650,740,1000,1100,1100,8996,179,300.0,321.74923949848215,1.6851040054461919,1050.8927060000133,35.13706091596265
1789522822,100,,Aggregated,85.600000,0.700000,300,340,370,400,470,540,650,740,1000,1100,1100,9059,183,300.0,322.51090326916125,1.6851040054461919,1050.8927060000133,35.1564190307981
1789522823,100,,Aggregated,85.500000,0.700000,300,340,380,400,470,540,640,740,1000,1100,1100,9151,191,300.0,323.53637882464886,1.6851040054461919,1050.8927060000133,35.182821549557424
1789522824,100,,Aggregated,85.600000,0.500000,300,340,380,400,470,540,640,740,1000,1100,1100,9224,191,300.0,323.72732018217295,1.6851040054461919,1050.8927060000133,35.17443625325239
1789522825,100,,Aggregated,84.300000,1.100000,300,340,380,410,470,540,640,740,1000,1100,1100,9319,191,300.0,324.3815463505061,1.6851040054461919,1050.8927060000133,35.166970705011266
1789522826,100,,Aggregated,83.500000,1.200000,300,340,380,400,470,540,640,740,1000,1100,1100,9430,191,300.0,323.86808210057046,1.6851040054461919,1050.8927060000133,35.144538706256625
1789522827,100,,Aggregated,82.700000,1.200000,300,340,380,400,470,530,640,740,1000,1100,1100,9523,191,300.0,323.3366477095861,1.6851040054461919,1050.8927060000133,35.13283629108474
1789522828,100,,Aggregated,83.700000,1.200000,300,340,380,400,470,530,640,730,1000,1100,1100,9601,191,300.0,323.4177821423173,1.6851040054461919,1050.8927060000133,35.12925736902406
1789522829,100,,Aggregated,86.300000,1.200000,300,340,380,400,470,530,640,730,1000,1100,1100,9692,196,300.0,323.6093283466199,1.6851040054461919,1050.8927060000133,35.153425505571605
1789522830,100,,Aggregated,82.400000,1.200000,300,340,380,410,470,540,640,730,1000,1100,1100,9767,205,300.0,324.79782629112486,1.6851040054461919,1050.8927060000133,35.17794614518276
1789522831,100,,Aggregated,84.500000,1.200000,300,340,380,410,480,540,640,730,1000,1100,1100,9854,210,300.0,325.6546879446312,1.6851040054461919,1050.8927060000133,35.19575806778973
1789522832,100,,Aggregated,84.100000,2.300000,300,340,380,410,480,540,640,730,1000,1100,1100,9917,214,300.0,325.88112483254986,1.6851040054461919,1050.8927060000133,35.19421195926187
1789522833,100,,Aggregated,84.000000,3.100000,300,340,380,410,480,540,640,740,1000,1000,1100,10025,217,300.0,326.36394819495155,1.6851040054461919,1050.8927060000133,35.209077306733164
1789522834,100,,Aggregated,84.600000,3.200000,300,340,380,410,480,540,640,740,1000,1000,1100,10119,217,300.0,325.72186332032896,1.6851040054461919,1050.8927060000133,35.20150212471588
1789522835,100,,Aggregated,86.600000,2.700000,300,340,380,410,480,540,640,740,1000,1000,1100,10194,217,300.0,324.8931990530118,1.6851040054461919,1050.8927060000133,35.18618795369825
1789522836,100,,Aggregated,88.800000,2.600000,300,340,380,410,480,540,640,740,1000,1000,1100,10266,217,300.0,323.9335999068248,1.6851040054461919,1050.8927060000133,35.179135008766806
1789522837,100,,Aggregated,88.700000,2.600000,300,340,380,410,480,540,640,730,1000,1000,1100,10341,217,300.0,323.36663076254354,1.6851040054461919,1050.8927060000133,35.17232375979112
1789522838,100,,Aggregated,85.000000,2.600000,300,340,380,400,480,540,640,730,1000,1000,1100,10436,217,300.0,322.4113451106238,1.6851040054461919,1050.8927060000133,35.16107704101188
1789522839,100,,Aggregated,82.500000,2.600000,300,340,380,400,470,540,640,730,1000,1000,1100,10538,217,300.0,321.44480279421845,1.6851040054461919,1050.8927060000133,35.15562725374834
1789522840,100,,Aggregated,83.400000,2.600000,300,340,380,400,470,540,640,730,1000,1000,1100,10631,217,300.0,321.29369161447386,1.6851040054461919,1050.8927060000133,35.141661179569184
1789522841,100,,Aggregated,84.300000,2.600000,300,340,380,400,470,540,640,730,1000,1000,1100,10733,217,300.0,320.9943939469392,1.6851040054461919,1050.8927060000133,35.1429236932824
1789522842,100,,Aggregated,85.300000,1.500000,290,340,380,400,470,540,630,730,1000,1000,1100,10826,217,290.0,320.5381856378607,1.6851040054461919,1050.8927060000133,35.128671716238685
1789522843,100,,Aggregated,88.100000,0.700000,300,340,380,400,470,540,630,730,1000,1000,1100,10892,217,300.0,320.60073629071314,1.6851040054461919,1050.8927060000133,35.11825192802056
1789522844,100,,Aggregated,89.200000,0.300000,300,340,380,400,470,540,630,730,1000,1000,1100,10950,217,300.0,321.05172440196026,1.6851040054461919,1050.8927060000133,35.104018264840185
1789522845,100,,Aggregated,86.700000,0.000000,300,340,380,400,480,540,650,750,1100,1200,1200,11001,237,300.0,323.3046383411022,1.6851040054461919,1175.6996500043897,35.17571129897282
1789522846,100,,Aggregated,84.000000,0.000000,300,340,380,410,480,550,660,750,1100,1200,1200,11083,238,300.0,324.52548579829033,1.6851040054461919,1175.6996500043897,35.176396282594965
1789522847,100,,Aggregated,79.600000,0.400000,300,340,380,400,480,550,660,750,1100,1200,1200,11184,238,300.0,324.1262040258785,1.6851040054461919,1175.6996500043897,35.16219599427754
1789522848,100,,Aggregated,80.000000,2.100000,300,340,380,400,480,540,650,750,1100,1200,1200,11299,238,300.0,323.5545660896029,1.6851040054461919,1175.6996500043897,35.153287901584214
1789522849,100,,Aggregated,83.100000,2.100000,290,340,380,400,480,540,650,750,1100,1200,1200,11381,238,290.0,322.86536989099056,1.6851040054461919,1175.6996500043897,35.142693963623586
1789522850,100,,Aggregated,85.100000,2.100000,290,340,380,400,480,540,650,750,1100,1200,1200,11454,238,290.0,322.41999165229373,1.6851040054461919,1175.6996500043897,35.14003841452767
1789522851,100,,Aggregated,83.100000,2.100000,290,340,370,400,480,540,650,750,1100,1200,1200,11535,238,290.0,321.87557931212507,1.6851040054461919,1175.6996500043897,35.12691807542263
1789522852,100,,Aggregated,83.000000,2.100000,290,340,370,400,470,540,650,750,1100,1200,1200,11627,238,290.0,321.63626642972247,1.6851040054461919,1175.6996500043897,35.12402167369055
1789522853,100,,Aggregated,79.600000,2.100000,290,340,370,400,470,540,650,740,1100,1200,1200,11727,238,290.0,321.42238348327794,1.6851040054461919,1175.6996500043897,35.11486313635201
1789522854,100,,Aggregated,79.500000,2.100000,290,340,370,400,470,540,650,740,1100,1200,1200,11820,238,290.0,321.2867150598483,1.6851040054461919,1175.6996500043897,35.10456852791878
1789522855,100,,Aggregated,81.700000,2.100000,290,340,370,400,470,540,640,740,1100,1200,1200,11935,238,290.0,321.05901412504073,1.6851040054461919,1175.6996500043897,35.09995810640972
1789522856,100,,Aggregated,85.000000,2.100000,290,330,370,400,470,540,640,740,1100,1200,1200,12030,238,290.0,320.37916251058465,1.6851040054461919,1175.6996500043897,35.09659185369909
1789522857,100,,Aggregated,91.700000,1.700000,290,330,370,400,470,540,640,740,1100,1200,1200,12100,238,290.0,320.12115552878777,1.6851040054461919,1175.6996500043897,35.09421487603306
1789522858,100,,Aggregated,93.800000,0.000000,290,340,370,400,470,540,640,740,1100,1200,1200,12174,238,290.0,320.71526767926133,1.6851040054461919,1175.6996500043897,35.099227862658125
1789522859,100,,Aggregated,90.800000,0.000000,290,340,370,400,470,540,640,740,1100,1200,1200,12261,238,290.0,320.5654877276206,1.6851040054461919,1175.6996500043897,35.104069814860125
1789522860,100,,Aggregated,87.800000,0.000000,290,340,370,400,470,540,640,740,1100,1200,1200,12355,238,290.0,320.5832202568453,1.6851040054461919,1175.6996500043897,35.10352084176447
1789522861,100,,Aggregated,87.400000,0.000000,290,340,370,400,470,540,640,740,1100,1200,1200,12447,241,290.0,320.58470868315777,1.6851040054461919,1175.6996500043897,35.10653169438419
1789522862,100,,Aggregated,89.000000,0.000000,290,340,370,400,470,540,640,740,1100,1200,1200,12513,241,290.0,320.4574594986212,1.6851040054461919,1175.6996500043897,35.09701910013586
1789522863,100,,Aggregated,90.300000,0.300000,290,340,370,400,470,540,640,740,1100,1200,1200,12616,241,290.0,320.5103772804616,1.6851040054461919,1175.6996500043897,35.0886968928345
1789522864,100,,Aggregated,89.900000,0.300000,290,340,370,400,470,540,640,740,1100,1200,1200,12700,241,290.0,320.34819261726966,1.6851040054461919,1175.6996500043897,35.072204724409445
1789522865,100,,Aggregated,89.100000,0.300000,290,340,370,400,470,540,640,740,1100,1200,1200,12783,241,290.0,320.23835159816184,1.6851040054461919,1175.6996500043897,35.0696237190018
1789522866,100,,Aggregated,87.500000,0.300000,290,330,370,400,470,540,640,740,1100,1200,1200,12891,241,290.0,319.5988086234822,1.6851040054461919,1175.6996500043897,35.0637654177333
1789522867,100,,Aggregated,85.300000,0.300000,290,330,370,400,470,530,640,740,1100,1200,1200,12989,241,290.0,319.1015394850499,1.6851040054461919,1175.6996500043897,35.06551697590269
1789522868,100,,Aggregated,84.900000,0.300000,290,330,370,400,470,530,630,740,1100,1200,1200,13072,241,290.0,318.9159654385958,1.6851040054461919,1175.6996500043897,35.061352509179926
1789522869,100,,Aggregated,88.200000,0.300000,290,330,370,400,470,530,630,730,1100,1200,1200,13155,241,290.0,318.35456571587133,1.6851040054461919,1175.6996500043897,35.060813378943365
1789522870,100,,Aggregated,90.000000,0.300000,290,330,370,390,470,530,630,730,1100,1200,1200,13227,241,290.0,318.09420197318315,1.6851040054461919,1175.6996500043897,35.05927269978075
1789522871,100,,Aggregated,90.900000,0.300000,290,330,370,390,460,530,630,730,1100,1200,1200,13325,241,290.0,317.87490952362833,1.6851040054461919,1175.6996500043897,35.059512195121954
1789522872,100,,Aggregated,86.700000,0.300000,290,330,370,390,460,530,630,730,1100,1200,1200,13423,243,290.0,317.9660029212074,1.6851040054461919,1175.6996500043897,35.052149295984506
1789522873,100,,Aggregated,88.500000,0.000000,290,330,370,390,460,530,630,730,1100,1200,1200,13531,243,290.0,317.70075837871286,1.6851040054461919,1175.6996500043897,35.0434557682359
1789522874,100,,Aggregated,88.500000,0.000000,290,330,370,390,460,530,630,730,1100,1200,1200,13616,243,290.0,317.609579498777,1.6851040054461919,1175.6996500043897,35.03481198589894
1789522875,100,,Aggregated,91.200000,0.200000,290,330,370,390,460,530,630,730,1100,1200,1200,13708,243,290.0,317.4591706331592,1.6851040054461919,1175.6996500043897,35.027064487890286
1789522876,100,,Aggregated,90.900000,0.200000,290,330,370,390,460,530,620,730,1100,1200,1200,13805,243,290.0,317.36383522609765,1.6851040054461919,1175.6996500043897,35.01803694313654
1789522877,100,,Aggregated,93.100000,0.200000,290,330,370,390,460,530,620,730,1100,1200,1200,13890,243,290.0,317.2011003864819,1.6851040054461919,1175.6996500043897,35.01641468682505
1789522878,100,,Aggregated,91.400000,0.200000,290,330,360,390,460,530,620,730,1100,1200,1200,13980,243,290.0,316.8610623910065,1.6851040054461919,1175.6996500043897,35.00708154506438
1789522879,100,,Aggregated,89.800000,0.200000,290,330,360,390,460,530,620,730,1100,1200,1200,14075,243,290.0,316.5174523393458,1.6851040054461919,1175.6996500043897,34.995239786856125
1789522880,100,,Aggregated,88.000000,0.200000,290,330,360,390,460,530,620,730,1100,1200,1200,14164,243,290.0,316.1355624262438,1.6851040054461919,1175.6996500043897,34.99470488562553
1789522881,100,,Aggregated,91.000000,0.200000,290,330,360,390,460,530,620,730,1100,1200,1200,14258,243,290.0,315.81964985364925,1.6851040054461919,1175.6996500043897,34.98541169869547
1789522882,100,,Aggregated,92.600000,0.200000,290,330,360,390,460,530,620,730,1100,1200,1200,14353,243,290.0,315.51611893488047,1.6851040054461919,1175.6996500043897,34.98515989688567
1789522883,100,,Aggregated,91.500000,0.200000,290,330,360,390,460,530,620,730,1100,1200,1200,14427,243,290.0,315.36178289009206,1.6851040054461919,1175.6996500043897,34.97754210854647
1789522886,100,,Aggregated,91.500000,0.200000,290,330,360,390,460,530,620,730,1100,1200,1200,14427,243,290.0,315.36178289009206,1.6851040054461919,1175.6996500043897,34.97754210854647
